timestamp,open,close,high,low,volume,datetime
1787002020000,90715000.0,90708000.0,90754000.0,90708000.0,0.17149146,2026-08-17 21:27:00
1787002200000,90745000.0,90755000.0,90755000.0,90703000.0,0.0397485,2026-08-17 21:30:00
1787002380000,90747000.0,90754000.0,90755000.0,90747000.0,0.04470104,2026-08-17 21:33:00
1787002560000,90747000.0,90745000.0,90754000.0,90726000.0,0.27581272,2026-08-17 21:36:00
1787002740000,90717000.0,90716000.0,90717000.0,90702000.0,0.03481597,2026-08-17 21:39:00
1787002920000,90716000.0,90711000.0,90743000.0,90699000.0,2.13553687,2026-08-17 21:42:00
1787003100000,90711000.0,90717000.0,90755000.0,90694000.0,0.57754331,2026-08-17 21:45:00
1787003280000,90750000.0,90746000.0,90759000.0,90716000.0,0.02589784,2026-08-17 21:48:00
1787003460000,90745000.0,90771000.0,90773000.0,90717000.0,0.1511308,2026-08-17 21:51:00
1787003640000,90771000.0,90752000.0,90771000.0,90735000.0,0.04062598,2026-08-17 21:54:00
1787003820000,90746000.0,90763000.0,90764000.0,90745000.0,0.03361359,2026-08-17 21:57:00
1787004000000,90763000.0,90774000.0,90796000.0,90752000.0,0.99676541,2026-08-17 22:00:00
1787004180000,90774000.0,90752000.0,90775000.0,90752000.0,0.61896972,2026-08-17 22:03:00
1787004360000,90768000.0,90724000.0,90768000.0,90722000.0,0.16678963,2026-08-17 22:06:00
1787004540000,90724000.0,90695000.0,90747000.0,90695000.0,0.18164303,2026-08-17 22:09:00
1787004720000,90720000.0,90695000.0,90720000.0,90684000.0,0.17904614,2026-08-17 22:12:00
1787004900000,90687000.0,90680000.0,90687000.0,90663000.0,0.45558415,2026-08-17 22:15:00
1787005080000,90680000.0,90658000.0,90680000.0,90658000.0,0.39830113,2026-08-17 22:18:00
1787005260000,90660000.0,90687000.0,90687000.0,90624000.0,2.16771401,2026-08-17 22:21:00
1787005440000,90687000.0,90677000.0,90695000.0,90663000.0,0.1866182,2026-08-17 22:24:00
1787005620000,90663000.0,90638000.0,90677000.0,90633000.0,0.34590778,2026-08-17 22:27:00
1787005800000,90629000.0,90670000.0,90680000.0,90618000.0,0.40097631,2026-08-17 22:30:00
1787005980000,90619000.0,90674000.0,90674000.0,90619000.0,0.02678214,2026-08-17 22:33:00
1787006160000,90667000.0,90690000.0,90690000.0,90656000.0,0.47070199,2026-08-17 22:36:00
1787006340000,90690000.0,90658000.0,90690000.0,90657000.0,0.17483601,2026-08-17 22:39:00
1787006520000,90658000.0,90658000.0,90658000.0,90638000.0,0.04484133,2026-08-17 22:42:00
1787006700000,90677000.0,90641000.0,90677000.0,90638000.0,0.09488991,2026-08-17 22:45:00
1787006880000,90641000.0,90658000.0,90658000.0,90635000.0,0.04535542,2026-08-17 22:48:00
1787007060000,90654000.0,90632000.0,90657000.0,90632000.0,0.15839657,2026-08-17 22:51:00
1787007240000,90650000.0,90655000.0,90655000.0,90628000.0,0.68445526,2026-08-17 22:54:00
1787007420000,90655000.0,90652000.0,90655000.0,90632000.0,0.13079893,2026-08-17 22:57:00
1787007600000,90652000.0,90655000.0,90655000.0,90620000.0,0.16651112,2026-08-17 23:00:00
1787007780000,90655000.0,90628000.0,90655000.0,90620000.0,0.58650545,2026-08-17 23:03:00
1787007960000,90628000.0,90686000.0,90686000.0,90625000.0,0.131976,2026-08-17 23:06:00
1787008140000,90690000.0,90701000.0,90701000.0,90690000.0,0.76825829,2026-08-17 23:09:00
1787008320000,90701000.0,90717000.0,90724000.0,90701000.0,0.33106897,2026-08-17 23:12:00
1787008500000,90717000.0,90734000.0,90737000.0,90716000.0,0.88972045,2026-08-17 23:15:00
1787008680000,90718000.0,90771000.0,90791000.0,90718000.0,0.79182585,2026-08-17 23:18:00
1787008860000,90771000.0,90771000.0,90782000.0,90771000.0,0.08452337,2026-08-17 23:21:00
1787009040000,90774000.0,90795000.0,90795000.0,90771000.0,0.15004098,2026-08-17 23:24:00
1787009220000,90795000.0,90841000.0,90844000.0,90795000.0,0.64255269,2026-08-17 23:27:00
1787009400000,90844000.0,90932000.0,90932000.0,90822000.0,1.77408366,2026-08-17 23:30:00
1787009580000,90931000.0,90886000.0,90937000.0,90886000.0,0.76396363,2026-08-17 23:33:00
1787009760000,90894000.0,90870000.0,90894000.0,90855000.0,0.34428698,2026-08-17 23:36:00
1787009940000,90870000.0,90870000.0,90905000.0,90857000.0,0.7559821,2026-08-17 23:39:00
1787010120000,90871000.0,90871000.0,90883000.0,90870000.0,0.15547852,2026-08-17 23:42:00
1787010300000,90883000.0,90871000.0,90883000.0,90871000.0,0.37968309,2026-08-17 23:45:00
1787010480000,90871000.0,90889000.0,90900000.0,90871000.0,0.34240899,2026-08-17 23:48:00
1787010660000,90889000.0,90946000.0,90953000.0,90888000.0,1.03675191,2026-08-17 23:51:00
1787010840000,90946000.0,90933000.0,90955000.0,90906000.0,0.10394699,2026-08-17 23:54:00
1787011020000,90955000.0,90970000.0,90979000.0,90948000.0,1.65124443,2026-08-17 23:57:00
1787011200000,90972000.0,90940000.0,90987000.0,90930000.0,1.88333993,2026-08-18 00:00:00
1787011380000,90930000.0,90897000.0,90940000.0,90897000.0,0.22247269,2026-08-18 00:03:00
1787011560000,90897000.0,90870000.0,90935000.0,90870000.0,3.38637848,2026-08-18 00:06:00
1787011740000,90870000.0,90862000.0,90876000.0,90855000.0,1.99239202,2026-08-18 00:09:00
1787011920000,90856000.0,90841000.0,90862000.0,90837000.0,0.8753768,2026-08-18 00:12:00
1787012100000,90837000.0,90803000.0,90837000.0,90803000.0,0.82191266,2026-08-18 00:15:00
1787012280000,90803000.0,90788000.0,90862000.0,90787000.0,0.64946014,2026-08-18 00:18:00
1787012460000,90788000.0,90848000.0,90857000.0,90785000.0,0.36468008,2026-08-18 00:21:00
1787012640000,90848000.0,90787000.0,90862000.0,90787000.0,0.52994363,2026-08-18 00:24:00
1787012820000,90787000.0,90787000.0,90830000.0,90785000.0,0.18891008,2026-08-18 00:27:00
1787013000000,90787000.0,90777000.0,90828000.0,90777000.0,0.53051827,2026-08-18 00:30:00
1787013180000,90787000.0,90771000.0,90795000.0,90769000.0,0.32864519,2026-08-18 00:33:00
1787013360000,90771000.0,90808000.0,90808000.0,90763000.0,0.24865849,2026-08-18 00:36:00
1787013540000,90785000.0,90727000.0,90808000.0,90727000.0,0.5307098,2026-08-18 00:39:00
1787013720000,90729000.0,90720000.0,90751000.0,90719000.0,0.24984012,2026-08-18 00:42:00
1787013900000,90719000.0,90711000.0,90744000.0,90700000.0,2.05625192,2026-08-18 00:45:00
1787014080000,90711000.0,90708000.0,90711000.0,90700000.0,0.19927486,2026-08-18 00:48:00
1787014260000,90700000.0,90693000.0,90710000.0,90693000.0,0.27083271,2026-08-18 00:51:00
1787014440000,90710000.0,90670000.0,90710000.0,90670000.0,0.32611047,2026-08-18 00:54:00
1787014620000,90670000.0,90702000.0,90702000.0,90669000.0,0.05484496,2026-08-18 00:57:00
1787014800000,90701000.0,90626000.0,90701000.0,90626000.0,0.47997655,2026-08-18 01:00:00
1787014980000,90626000.0,90573000.0,90626000.0,90546000.0,1.00216491,2026-08-18 01:03:00
1787015160000,90573000.0,90545000.0,90573000.0,90545000.0,0.21869083,2026-08-18 01:06:00
1787015340000,90554000.0,90540000.0,90554000.0,90535000.0,0.33700432,2026-08-18 01:09:00
1787015520000,90543000.0,90554000.0,90559000.0,90535000.0,0.43716064,2026-08-18 01:12:00
1787015700000,90536000.0,90541000.0,90554000.0,90529000.0,0.7580519,2026-08-18 01:15:00
1787015880000,90550000.0,90509000.0,90550000.0,90506000.0,0.34707074,2026-08-18 01:18:00
1787016060000,90505000.0,90512000.0,90520000.0,90496000.0,1.17436358,2026-08-18 01:21:00
1787016240000,90520000.0,90528000.0,90539000.0,90511000.0,2.58516659,2026-08-18 01:24:00
1787016420000,90540000.0,90539000.0,90554000.0,90538000.0,0.12205839,2026-08-18 01:27:00
1787016600000,90554000.0,90569000.0,90586000.0,90540000.0,1.14617356,2026-08-18 01:30:00
1787016780000,90583000.0,90567000.0,90599000.0,90567000.0,1.0328552,2026-08-18 01:33:00
1787016960000,90567000.0,90560000.0,90567000.0,90543000.0,0.28893283,2026-08-18 01:36:00
1787017140000,90560000.0,90540000.0,90560000.0,90540000.0,0.26909852,2026-08-18 01:39:00
1787017320000,90540000.0,90538000.0,90550000.0,90488000.0,1.48464779,2026-08-18 01:42:00
1787017500000,90521000.0,90494000.0,90521000.0,90494000.0,0.11687828,2026-08-18 01:45:00
1787017680000,90488000.0,90450000.0,90494000.0,90450000.0,0.70047392,2026-08-18 01:48:00
1787017860000,90450000.0,90400000.0,90456000.0,90400000.0,1.36740123,2026-08-18 01:51:00
1787018040000,90407000.0,90407000.0,90407000.0,90387000.0,0.42620276,2026-08-18 01:54:00
1787018220000,90397000.0,90402000.0,90406000.0,90389000.0,0.24995547,2026-08-18 01:57:00
1787018400000,90402000.0,90444000.0,90444000.0,90389000.0,2.21422241,2026-08-18 02:00:00
1787018580000,90444000.0,90486000.0,90486000.0,90428000.0,0.37737628,2026-08-18 02:03:00
1787018760000,90471000.0,90471000.0,90490000.0,90469000.0,0.33380676,2026-08-18 02:06:00
1787018940000,90480000.0,90439000.0,90488000.0,90400000.0,0.15943078,2026-08-18 02:09:00
1787019120000,90437000.0,90390000.0,90437000.0,90372000.0,0.24405429,2026-08-18 02:12:00
1787019300000,90378000.0,90403000.0,90415000.0,90378000.0,0.36463401,2026-08-18 02:15:00
1787019480000,90403000.0,90433000.0,90434000.0,90397000.0,0.32377132,2026-08-18 02:18:00
1787019660000,90414000.0,90434000.0,90434000.0,90413000.0,0.22827135,2026-08-18 02:21:00
1787019840000,90434000.0,90420000.0,90434000.0,90413000.0,0.32615074,2026-08-18 02:24:00
1787020020000,90413000.0,90398000.0,90434000.0,90398000.0,0.16750052,2026-08-18 02:27:00
1787020200000,90397000.0,90398000.0,90398000.0,90367000.0,0.51881241,2026-08-18 02:30:00
1787020380000,90383000.0,90366000.0,90398000.0,90361000.0,0.28790669,2026-08-18 02:33:00
1787020560000,90366000.0,90366000.0,90366000.0,90352000.0,1.38235839,2026-08-18 02:36:00
1787020740000,90392000.0,90391000.0,90392000.0,90378000.0,0.61967916,2026-08-18 02:39:00
1787020920000,90379000.0,90277000.0,90391000.0,90277000.0,1.2872466,2026-08-18 02:42:00
1787021100000,90277000.0,90362000.0,90362000.0,90271000.0,1.04064342,2026-08-18 02:45:00
1787021280000,90362000.0,90305000.0,90362000.0,90251000.0,1.00403515,2026-08-18 02:48:00
1787021460000,90305000.0,90291000.0,90315000.0,90247000.0,0.42131651,2026-08-18 02:51:00
1787021640000,90291000.0,90235000.0,90291000.0,90235000.0,0.84771396,2026-08-18 02:54:00
1787021820000,90235000.0,90240000.0,90250000.0,90216000.0,0.69807453,2026-08-18 02:57:00
1787022000000,90241000.0,90224000.0,90263000.0,90224000.0,1.23373991,2026-08-18 03:00:00
1787022180000,90263000.0,90263000.0,90263000.0,90231000.0,0.09441821,2026-08-18 03:03:00
1787022360000,90263000.0,90263000.0,90268000.0,90240000.0,0.08322297,2026-08-18 03:06:00
1787022540000,90263000.0,90264000.0,90267000.0,90233000.0,0.0540765,2026-08-18 03:09:00
1787022720000,90265000.0,90233000.0,90265000.0,90233000.0,0.17889999,2026-08-18 03:12:00
1787022900000,90233000.0,90250000.0,90259000.0,90233000.0,0.43369983,2026-08-18 03:15:00
1787023080000,90250000.0,90241000.0,90270000.0,90233000.0,0.20237308,2026-08-18 03:18:00
1787023260000,90241000.0,90242000.0,90268000.0,90230000.0,0.47373557,2026-08-18 03:21:00
1787023440000,90241000.0,90244000.0,90251000.0,90230000.0,0.190184,2026-08-18 03:24:00
1787023620000,90244000.0,90243000.0,90244000.0,90230000.0,0.11524782,2026-08-18 03:27:00
1787023800000,90242000.0,90197000.0,90242000.0,90197000.0,0.33574787,2026-08-18 03:30:00
1787023980000,90199000.0,90210000.0,90210000.0,90180000.0,1.25139716,2026-08-18 03:33:00
1787024160000,90228000.0,90272000.0,90273000.0,90225000.0,1.27775273,2026-08-18 03:36:00
1787024340000,90271000.0,90243000.0,90272000.0,90243000.0,0.19224322,2026-08-18 03:39:00
1787024520000,90250000.0,90272000.0,90272000.0,90250000.0,2.1255031,2026-08-18 03:42:00
1787024700000,90272000.0,90272000.0,90272000.0,90265000.0,0.91582334,2026-08-18 03:45:00
1787024880000,90266000.0,90266000.0,90271000.0,90266000.0,0.20323458,2026-08-18 03:48:00
1787025060000,90266000.0,90269000.0,90272000.0,90266000.0,6.23116527,2026-08-18 03:51:00
1787025240000,90272000.0,90267000.0,90272000.0,90267000.0,0.37846656,2026-08-18 03:54:00
1787025420000,90272000.0,90283000.0,90283000.0,90267000.0,0.49754223,2026-08-18 03:57:00
1787025600000,90283000.0,90190000.0,90302000.0,90190000.0,0.96750384,2026-08-18 04:00:00
1787025780000,90205000.0,90224000.0,90237000.0,90180000.0,0.48812329,2026-08-18 04:03:00
1787025960000,90237000.0,90242000.0,90259000.0,90234000.0,0.10815391,2026-08-18 04:06:00
1787026140000,90259000.0,90237000.0,90260000.0,90235000.0,0.32047165,2026-08-18 04:09:00
1787026320000,90237000.0,90300000.0,90320000.0,90235000.0,0.62207964,2026-08-18 04:12:00
1787026500000,90289000.0,90264000.0,90289000.0,90262000.0,0.60432255,2026-08-18 04:15:00
1787026680000,90262000.0,90260000.0,90264000.0,90232000.0,0.19387996,2026-08-18 04:18:00
1787026860000,90260000.0,90259000.0,90260000.0,90232000.0,0.06773378,2026-08-18 04:21:00
1787027040000,90260000.0,90221000.0,90260000.0,90218000.0,0.37811772,2026-08-18 04:24:00
1787027220000,90260000.0,90259000.0,90260000.0,90218000.0,0.11650528,2026-08-18 04:27:00
1787027400000,90259000.0,90289000.0,90290000.0,90245000.0,4.46447168,2026-08-18 04:30:00
1787027580000,90289000.0,90339000.0,90339000.0,90286000.0,1.39597877,2026-08-18 04:33:00
1787027760000,90339000.0,90344000.0,90361000.0,90339000.0,0.22471028,2026-08-18 04:36:00
1787027940000,90344000.0,90347000.0,90360000.0,90335000.0,0.26060318,2026-08-18 04:39:00
1787028120000,90360000.0,90345000.0,90360000.0,90345000.0,0.014365,2026-08-18 04:42:00
1787028300000,90338000.0,90300000.0,90345000.0,90298000.0,0.3703945,2026-08-18 04:45:00
1787028480000,90300000.0,90350000.0,90350000.0,90296000.0,0.40050381,2026-08-18 04:48:00
1787028660000,90360000.0,90360000.0,90360000.0,90319000.0,0.20739533,2026-08-18 04:51:00
1787028840000,90360000.0,90340000.0,90363000.0,90334000.0,0.21732843,2026-08-18 04:54:00
1787029020000,90341000.0,90373000.0,90373000.0,90338000.0,0.23417346,2026-08-18 04:57:00
1787029200000,90373000.0,90360000.0,90381000.0,90359000.0,0.3598818,2026-08-18 05:00:00
1787029380000,90360000.0,90361000.0,90380000.0,90359000.0,0.11453179,2026-08-18 05:03:00
1787029560000,90361000.0,90390000.0,90391000.0,90359000.0,0.47581546,2026-08-18 05:06:00
1787029740000,90391000.0,90393000.0,90393000.0,90388000.0,1.31122725,2026-08-18 05:09:00
1787029920000,90393000.0,90337000.0,90393000.0,90321000.0,0.41353134,2026-08-18 05:12:00
1787030100000,90338000.0,90351000.0,90388000.0,90337000.0,0.21961959,2026-08-18 05:15:00
1787030280000,90351000.0,90393000.0,90393000.0,90341000.0,0.1750969,2026-08-18 05:18:00
1787030460000,90393000.0,90388000.0,90393000.0,90349000.0,0.43437619,2026-08-18 05:21:00
1787030640000,90388000.0,90393000.0,90393000.0,90388000.0,0.06122834,2026-08-18 05:24:00
1787030820000,90392000.0,90397000.0,90397000.0,90388000.0,1.42519478,2026-08-18 05:27:00
1787031000000,90397000.0,90347000.0,90397000.0,90337000.0,0.33184548,2026-08-18 05:30:00
1787031180000,90347000.0,90380000.0,90382000.0,90330000.0,0.56261744,2026-08-18 05:33:00
1787031360000,90380000.0,90319000.0,90384000.0,90306000.0,0.24208252,2026-08-18 05:36:00
1787031540000,90322000.0,90348000.0,90362000.0,90322000.0,0.39560294,2026-08-18 05:39:00
1787031720000,90342000.0,90390000.0,90400000.0,90342000.0,0.55554544,2026-08-18 05:42:00
1787031900000,90390000.0,90382000.0,90400000.0,90382000.0,0.20487556,2026-08-18 05:45:00
1787032080000,90382000.0,90389000.0,90395000.0,90365000.0,0.00619104,2026-08-18 05:48:00
1787032260000,90365000.0,90331000.0,90385000.0,90322000.0,0.09802643,2026-08-18 05:51:00
1787032440000,90357000.0,90363000.0,90381000.0,90338000.0,0.09579308,2026-08-18 05:54:00
1787032620000,90375000.0,90381000.0,90381000.0,90334000.0,0.3062063,2026-08-18 05:57:00
1787032800000,90368000.0,90329000.0,90381000.0,90329000.0,0.03487929,2026-08-18 06:00:00
1787032980000,90321000.0,90297000.0,90321000.0,90292000.0,0.34661585,2026-08-18 06:03:00
1787033160000,90297000.0,90298000.0,90301000.0,90280000.0,0.21373732,2026-08-18 06:06:00
1787033340000,90290000.0,90403000.0,90404000.0,90280000.0,2.67326871,2026-08-18 06:09:00
1787033520000,90404000.0,90357000.0,90422000.0,90353000.0,0.14724797,2026-08-18 06:12:00
1787033700000,90357000.0,90383000.0,90383000.0,90357000.0,0.12293085,2026-08-18 06:15:00
1787033880000,90383000.0,90417000.0,90421000.0,90376000.0,0.54681562,2026-08-18 06:18:00
1787034060000,90417000.0,90470000.0,90471000.0,90406000.0,1.62419399,2026-08-18 06:21:00
1787034240000,90471000.0,90482000.0,90483000.0,90430000.0,0.29224949,2026-08-18 06:24:00
1787034420000,90483000.0,90436000.0,90490000.0,90436000.0,0.4611813,2026-08-18 06:27:00
1787034600000,90489000.0,90520000.0,90521000.0,90441000.0,0.91735225,2026-08-18 06:30:00
1787034780000,90515000.0,90499000.0,90522000.0,90499000.0,0.26866959,2026-08-18 06:33:00
1787034960000,90499000.0,90533000.0,90543000.0,90499000.0,0.45561973,2026-08-18 06:36:00
1787035140000,90534000.0,90560000.0,90560000.0,90521000.0,0.84333454,2026-08-18 06:39:00
1787035320000,90560000.0,90578000.0,90580000.0,90535000.0,0.67855638,2026-08-18 06:42:00
1787035500000,90578000.0,90507000.0,90578000.0,90490000.0,0.68957207,2026-08-18 06:45:00
1787035680000,90490000.0,90443000.0,90498000.0,90425000.0,0.33619989,2026-08-18 06:48:00
1787035860000,90443000.0,90449000.0,90450000.0,90400000.0,0.09737295,2026-08-18 06:51:00
1787036040000,90443000.0,90412000.0,90444000.0,90393000.0,0.24611252,2026-08-18 06:54:00
1787036220000,90426000.0,90428000.0,90450000.0,90402000.0,0.05476328,2026-08-18 06:57:00
1787036400000,90436000.0,90446000.0,90450000.0,90431000.0,0.02527692,2026-08-18 07:00:00
1787036580000,90446000.0,90398000.0,90446000.0,90387000.0,0.18098582,2026-08-18 07:03:00
1787036760000,90398000.0,90414000.0,90450000.0,90398000.0,0.13872356,2026-08-18 07:06:00
1787036940000,90450000.0,90450000.0,90452000.0,90415000.0,0.11518295,2026-08-18 07:09:00
1787037120000,90450000.0,90453000.0,90463000.0,90425000.0,0.1407466,2026-08-18 07:12:00
1787037300000,90457000.0,90452000.0,90480000.0,90433000.0,0.61166118,2026-08-18 07:15:00
1787037480000,90452000.0,90447000.0,90452000.0,90414000.0,0.26441029,2026-08-18 07:18:00
1787037660000,90447000.0,90413000.0,90461000.0,90411000.0,0.40707027,2026-08-18 07:21:00
1787037840000,90460000.0,90464000.0,90464000.0,90417000.0,0.00615164,2026-08-18 07:24:00
